,Composition,NumberOfPredictedADs,NumberPredicted_GSOverlaps,ProportionPredictedAD_GoldStandardOverlaps,MaxNumberRandom_GSOverlaps,p_value
2,L,194,26,0.13402061855670103,3,0.0
5,F,375,33,0.088,6,0.0
3,M,176,14,0.07954545454545454,4,0.0
19,P,401,29,0.07231920199501247,10,0.0
11,S,692,42,0.06069364161849711,14,0.0
8,N,785,45,0.05732484076433121,18,0.0
9,C,856,45,0.052570093457943924,24,0.0
7,Y,856,45,0.052570093457943924,25,0.0
10,Q,825,43,0.052121212121212124,16,0.0
6,W,696,36,0.05172413793103448,18,0.0
15,R,742,37,0.04986522911051213,16,0.0
16,H,249,12,0.04819277108433735,5,0.0
17,K,757,35,0.046235138705416116,27,0.0
14,E,763,34,0.04456094364351245,13,0.0
4,V,620,27,0.043548387096774194,19,0.0
1,I,515,22,0.04271844660194175,12,0.0
12,T,562,21,0.037366548042704624,11,0.0
0,A,218,8,0.03669724770642202,4,0.0
13,D,31,1,0.03225806451612903,1,0.0
18,G,151,4,0.026490066225165563,4,0.0
